{
    "$schema": "https://schema.management.azure.com/schemas/2015-01-01/deploymentParameters.json#",
    "contentVersion": "1.0.0.0",
    "parameters": {
        "factoryName": {
            "value": "hksynd01df"
        },
        "LS_ORA_001_connectionString": {
            "value": "host=@{linkedService().host};port=@{linkedService().port};sid=@{linkedService().oracleSID};user id=@{linkedService().userName}"
        },
        "LS_DLS_001_properties_typeProperties_url": {
            "value": "@{concat('https://', linkedService().dlsName, '.dfs.core.windows.net/')}"
        },
        "LS_SYN_001_properties_typeProperties_server": {
            "value": "@{concat(linkedService().synapseWsName, '.sql.azuresynapse.net')}"
        },
        "LS_SYN_001_properties_typeProperties_database": {
            "value": "@{linkedService().database}"
        },
        "LS_KV_001_properties_typeProperties_baseUrl": {
            "value": "@{concat('https://', linkedService().keyVaultName, '.vault.azure.net')}"
        },
        "LS_SQL_001_properties_typeProperties_server": {
            "value": "@{linkedService().server}"
        },
        "LS_SQL_001_properties_typeProperties_database": {
            "value": "@{linkedService().database}"
        },
        "LS_SQL_001_properties_typeProperties_userName": {
            "value": "@{linkedService().userName}"
        },
        "LS_FS_001_properties_typeProperties_host": {
            "value": "@{linkedService().host}"
        },
        "LS_FS_001_properties_typeProperties_userId": {
            "value": "@{linkedService().userName}"
        },
        "LS_SYB_001_properties_typeProperties_userName": {
            "value": "@{linkedService().userName}"
        },
        "LS_SP_001_properties_typeProperties_url": {
            "value": "@{concat('https://', linkedService().sharepointDomainName, '.sharepoint.com/sites/', linkedService().sharepointSite, '/_api/')}"
        },
        "mpe-hksyn-dfs_properties_privateLinkResourceId": {
            "value": "/subscriptions/7fad9bab-9341-4541-b0f9-3ca402955e73/resourceGroups/SYN_nonprod/providers/Microsoft.Storage/storageAccounts/hksynd01"
        },
        "mpe-hksyn-dfs_properties_groupId": {
            "value": "dfs"
        },
        "mpe-hksyn-dfs_properties_fqdns": {
            "value": [
                "hksynd01.dfs.core.windows.net"
            ]
        },
        "mpe-hksyn-sql_properties_privateLinkResourceId": {
            "value": "/subscriptions/7fad9bab-9341-4541-b0f9-3ca402955e73/resourceGroups/SYN_nonprod/providers/Microsoft.Synapse/workspaces/hksynd01syn"
        },
        "mpe-hksyn-sql_properties_groupId": {
            "value": "sql"
        },
        "mpe-hksyn-sql_properties_fqdns": {
            "value": [
                "hksynd01syn.sql.azuresynapse.net"
            ]
        },
        "containerUri": {
            "value": ""
        },
        "containerSasToken": {
            "value": ""
        }
    }
}