{
    "$schema": "http://schema.management.azure.com/schemas/2015-01-01/deploymentTemplate.json#",
    "contentVersion": "1.0.0.0",
    "parameters": {
        "factoryName": {
            "type": "string",
            "metadata": "Data Factory name",
            "defaultValue": "hksynd01df"
        },
        "LS_ORA_001_connectionString": {
            "type": "secureString",
            "metadata": "Secure string for 'connectionString' of 'LS_ORA_001'",
            "defaultValue": "host=@{linkedService().host};port=@{linkedService().port};sid=@{linkedService().oracleSID};user id=@{linkedService().userName}"
        },
        "LS_KV_001_properties_typeProperties_baseUrl": {
            "type": "string",
            "defaultValue": "@{concat('https://', linkedService().keyVaultName, '.vault.azure.net')}"
        },
        "LS_DLS_001_properties_typeProperties_url": {
            "type": "string",
            "defaultValue": "@{concat('https://', linkedService().dlsName, '.dfs.core.windows.net/')}"
        },
        "LS_SYN_001_properties_typeProperties_server": {
            "type": "string",
            "defaultValue": "@{concat(linkedService().synapseWsName, '.sql.azuresynapse.net')}"
        },
        "LS_SYN_001_properties_typeProperties_database": {
            "type": "string",
            "defaultValue": "@{linkedService().database}"
        },
        "LS_SQL_001_properties_typeProperties_server": {
            "type": "string",
            "defaultValue": "@{linkedService().server}"
        },
        "LS_SQL_001_properties_typeProperties_database": {
            "type": "string",
            "defaultValue": "@{linkedService().database}"
        },
        "LS_SQL_001_properties_typeProperties_userName": {
            "type": "string",
            "defaultValue": "@{linkedService().userName}"
        },
        "LS_FS_001_properties_typeProperties_host": {
            "type": "string",
            "defaultValue": "@{linkedService().host}"
        },
        "LS_FS_001_properties_typeProperties_userId": {
            "type": "string",
            "defaultValue": "@{linkedService().userName}"
        },
        "LS_SYB_001_properties_typeProperties_userName": {
            "type": "string",
            "defaultValue": "@{linkedService().userName}"
        },
        "LS_SP_001_properties_typeProperties_url": {
            "type": "string",
            "defaultValue": "@{concat('https://', linkedService().sharepointDomainName, '.sharepoint.com/sites/', linkedService().sharepointSite, '/_api/')}"
        },
        "mpe-hksyn-dfs_properties_privateLinkResourceId": {
            "type": "string",
            "defaultValue": "/subscriptions/7fad9bab-9341-4541-b0f9-3ca402955e73/resourceGroups/SYN_nonprod/providers/Microsoft.Storage/storageAccounts/hksynd01"
        },
        "mpe-hksyn-dfs_properties_groupId": {
            "type": "string",
            "defaultValue": "dfs"
        },
        "mpe-hksyn-dfs_properties_fqdns": {
            "type": "array",
            "defaultValue": [
                "hksynd01.dfs.core.windows.net"
            ]
        },
        "mpe-hksyn-sql_properties_privateLinkResourceId": {
            "type": "string",
            "defaultValue": "/subscriptions/7fad9bab-9341-4541-b0f9-3ca402955e73/resourceGroups/SYN_nonprod/providers/Microsoft.Synapse/workspaces/hksynd01syn"
        },
        "mpe-hksyn-sql_properties_groupId": {
            "type": "string",
            "defaultValue": "sql"
        },
        "mpe-hksyn-sql_properties_fqdns": {
            "type": "array",
            "defaultValue": [
                "hksynd01syn.sql.azuresynapse.net"
            ]
        }
    },
    "variables": {
        "factoryId": "[concat('Microsoft.DataFactory/factories/', parameters('factoryName'))]"
    },
    "resources": [
        {
            "name": "[concat(parameters('factoryName'), '/default')]",
            "type": "Microsoft.DataFactory/factories/managedVirtualNetworks",
            "apiVersion": "2018-06-01",
            "properties": {},
            "dependsOn": []
        },
        {
            "name": "[concat(parameters('factoryName'), '/LS_KV_001')]",
            "type": "Microsoft.DataFactory/factories/linkedServices",
            "apiVersion": "2018-06-01",
            "properties": {
                "parameters": {
                    "keyVaultName": {
                        "type": "string"
                    }
                },
                "annotations": [],
                "type": "AzureKeyVault",
                "typeProperties": {
                    "baseUrl": "[parameters('LS_KV_001_properties_typeProperties_baseUrl')]"
                }
            },
            "dependsOn": []
        },
        {
            "name": "[concat(parameters('factoryName'), '/SelfHostedIntegrationRuntime')]",
            "type": "Microsoft.DataFactory/factories/integrationRuntimes",
            "apiVersion": "2018-06-01",
            "properties": {
                "type": "SelfHosted",
                "typeProperties": {}
            },
            "dependsOn": []
        },
        {
            "name": "[concat(parameters('factoryName'), '/PL_AppendFileName')]",
            "type": "Microsoft.DataFactory/factories/pipelines",
            "apiVersion": "2018-06-01",
            "properties": {
                "activities": [
                    {
                        "name": "ForEach File in List",
                        "type": "ForEach",
                        "dependsOn": [
                            {
                                "activity": "Set Local List from Param",
                                "dependencyConditions": [
                                    "Succeeded"
                                ]
                            }
                        ],
                        "userProperties": [],
                        "typeProperties": {
                            "items": {
                                "value": "@pipeline().parameters.fileObjectList",
                                "type": "Expression"
                            },
                            "isSequential": true,
                            "activities": [
                                {
                                    "name": "Append variable1",
                                    "type": "AppendVariable",
                                    "dependsOn": [],
                                    "userProperties": [],
                                    "typeProperties": {
                                        "variableName": "localFileNameList",
                                        "value": {
                                            "value": "@item().name",
                                            "type": "Expression"
                                        }
                                    }
                                }
                            ]
                        }
                    },
                    {
                        "name": "Set Local List from Param",
                        "type": "SetVariable",
                        "dependsOn": [],
                        "policy": {
                            "secureOutput": false,
                            "secureInput": false
                        },
                        "userProperties": [],
                        "typeProperties": {
                            "variableName": "localFileNameList",
                            "value": {
                                "value": "@pipeline().parameters.fileNameList",
                                "type": "Expression"
                            }
                        }
                    },
                    {
                        "name": "Set Local List as Output",
                        "type": "SetVariable",
                        "dependsOn": [
                            {
                                "activity": "ForEach File in List",
                                "dependencyConditions": [
                                    "Succeeded"
                                ]
                            }
                        ],
                        "policy": {
                            "secureOutput": false,
                            "secureInput": false
                        },
                        "userProperties": [],
                        "typeProperties": {
                            "variableName": "pipelineReturnValue",
                            "value": [
                                {
                                    "key": "fileList",
                                    "value": {
                                        "type": "Expression",
                                        "content": "@variables('localFileNameList')"
                                    }
                                }
                            ],
                            "setSystemVariable": true
                        }
                    }
                ],
                "policy": {
                    "elapsedTimeMetric": {}
                },
                "parameters": {
                    "fileNameList": {
                        "type": "array",
                        "defaultValue": []
                    },
                    "fileObjectList": {
                        "type": "array"
                    }
                },
                "variables": {
                    "localFileNameList": {
                        "type": "Array"
                    }
                },
                "folder": {
                    "name": "Mizuho/Data Extraction/Pre-Check"
                },
                "annotations": [],
                "lastPublishTime": "2025-01-03T04:06:36Z"
            },
            "dependsOn": []
        },
        {
            "name": "[concat(parameters('factoryName'), '/for_testing_only')]",
            "type": "Microsoft.DataFactory/factories/pipelines",
            "apiVersion": "2018-06-01",
            "properties": {
                "activities": [
                    {
                        "name": "Wait1",
                        "type": "Wait",
                        "dependsOn": [],
                        "userProperties": [],
                        "typeProperties": {
                            "waitTimeInSeconds": 1
                        }
                    }
                ],
                "policy": {
                    "elapsedTimeMetric": {}
                },
                "annotations": [],
                "lastPublishTime": "2024-11-04T08:45:18Z"
            },
            "dependsOn": []
        },
        {
            "name": "[concat(parameters('factoryName'), '/LS_DLS_001')]",
            "type": "Microsoft.DataFactory/factories/linkedServices",
            "apiVersion": "2018-06-01",
            "properties": {
                "parameters": {
                    "dlsName": {
                        "type": "string"
                    }
                },
                "annotations": [],
                "type": "AzureBlobFS",
                "typeProperties": {
                    "url": "[parameters('LS_DLS_001_properties_typeProperties_url')]"
                },
                "connectVia": {
                    "referenceName": "SelfHostedIntegrationRuntime",
                    "type": "IntegrationRuntimeReference"
                }
            },
            "dependsOn": [
                "[concat(variables('factoryId'), '/integrationRuntimes/SelfHostedIntegrationRuntime')]"
            ]
        },
        {
            "name": "[concat(parameters('factoryName'), '/LS_SYN_001')]",
            "type": "Microsoft.DataFactory/factories/linkedServices",
            "apiVersion": "2018-06-01",
            "properties": {
                "parameters": {
                    "database": {
                        "type": "string",
                        "defaultValue": "hksynd01sql"
                    },
                    "synapseWsName": {
                        "type": "string",
                        "defaultValue": "hksynd01syn"
                    }
                },
                "annotations": [],
                "type": "AzureSqlDW",
                "typeProperties": {
                    "server": "[parameters('LS_SYN_001_properties_typeProperties_server')]",
                    "database": "[parameters('LS_SYN_001_properties_typeProperties_database')]",
                    "encrypt": "mandatory",
                    "trustServerCertificate": false,
                    "authenticationType": "SystemAssignedManagedIdentity"
                },
                "connectVia": {
                    "referenceName": "SelfHostedIntegrationRuntime",
                    "type": "IntegrationRuntimeReference"
                }
            },
            "dependsOn": [
                "[concat(variables('factoryId'), '/integrationRuntimes/SelfHostedIntegrationRuntime')]"
            ]
        },
        {
            "name": "[concat(parameters('factoryName'), '/LS_SQL_001')]",
            "type": "Microsoft.DataFactory/factories/linkedServices",
            "apiVersion": "2018-06-01",
            "properties": {
                "parameters": {
                    "server": {
                        "type": "string"
                    },
                    "database": {
                        "type": "string"
                    },
                    "userName": {
                        "type": "string"
                    },
                    "secretName": {
                        "type": "string"
                    },
                    "keyVaultName": {
                        "type": "string"
                    }
                },
                "annotations": [],
                "type": "SqlServer",
                "typeProperties": {
                    "server": "[parameters('LS_SQL_001_properties_typeProperties_server')]",
                    "database": "[parameters('LS_SQL_001_properties_typeProperties_database')]",
                    "encrypt": "mandatory",
                    "trustServerCertificate": false,
                    "authenticationType": "SQL",
                    "userName": "[parameters('LS_SQL_001_properties_typeProperties_userName')]",
                    "password": {
                        "type": "AzureKeyVaultSecret",
                        "store": {
                            "referenceName": "LS_KV_001",
                            "type": "LinkedServiceReference",
                            "parameters": {
                                "keyVaultName": {
                                    "value": "@linkedService().keyVaultName",
                                    "type": "Expression"
                                }
                            }
                        },
                        "secretName": {
                            "value": "@linkedService().secretName",
                            "type": "Expression"
                        }
                    }
                },
                "connectVia": {
                    "referenceName": "SelfHostedIntegrationRuntime",
                    "type": "IntegrationRuntimeReference"
                }
            },
            "dependsOn": [
                "[concat(variables('factoryId'), '/integrationRuntimes/SelfHostedIntegrationRuntime')]",
                "[concat(variables('factoryId'), '/linkedServices/LS_KV_001')]"
            ]
        },
        {
            "name": "[concat(parameters('factoryName'), '/LS_ORA_001')]",
            "type": "Microsoft.DataFactory/factories/linkedServices",
            "apiVersion": "2018-06-01",
            "properties": {
                "parameters": {
                    "host": {
                        "type": "string"
                    },
                    "port": {
                        "type": "string"
                    },
                    "oracleSID": {
                        "type": "string"
                    },
                    "userName": {
                        "type": "string"
                    },
                    "secretName": {
                        "type": "string"
                    },
                    "keyVaultName": {
                        "type": "string"
                    }
                },
                "annotations": [],
                "type": "Oracle",
                "typeProperties": {
                    "connectionString": "[parameters('LS_ORA_001_connectionString')]",
                    "password": {
                        "type": "AzureKeyVaultSecret",
                        "store": {
                            "referenceName": "LS_KV_001",
                            "type": "LinkedServiceReference",
                            "parameters": {
                                "keyVaultName": {
                                    "value": "@linkedService().keyVaultName",
                                    "type": "Expression"
                                }
                            }
                        },
                        "secretName": {
                            "value": "@linkedService().secretName",
                            "type": "Expression"
                        }
                    }
                },
                "connectVia": {
                    "referenceName": "SelfHostedIntegrationRuntime",
                    "type": "IntegrationRuntimeReference"
                }
            },
            "dependsOn": [
                "[concat(variables('factoryId'), '/integrationRuntimes/SelfHostedIntegrationRuntime')]",
                "[concat(variables('factoryId'), '/linkedServices/LS_KV_001')]"
            ]
        },
        {
            "name": "[concat(parameters('factoryName'), '/LS_FS_001')]",
            "type": "Microsoft.DataFactory/factories/linkedServices",
            "apiVersion": "2018-06-01",
            "properties": {
                "parameters": {
                    "host": {
                        "type": "string"
                    },
                    "userName": {
                        "type": "string"
                    },
                    "secretName": {
                        "type": "string"
                    },
                    "keyVaultName": {
                        "type": "string"
                    }
                },
                "annotations": [],
                "type": "FileServer",
                "typeProperties": {
                    "host": "[parameters('LS_FS_001_properties_typeProperties_host')]",
                    "userId": "[parameters('LS_FS_001_properties_typeProperties_userId')]",
                    "password": {
                        "type": "AzureKeyVaultSecret",
                        "store": {
                            "referenceName": "LS_KV_001",
                            "type": "LinkedServiceReference",
                            "parameters": {
                                "keyVaultName": {
                                    "value": "@linkedService().keyVaultName",
                                    "type": "Expression"
                                }
                            }
                        },
                        "secretName": {
                            "value": "@linkedService().secretName",
                            "type": "Expression"
                        }
                    }
                },
                "connectVia": {
                    "referenceName": "SelfHostedIntegrationRuntime",
                    "type": "IntegrationRuntimeReference"
                }
            },
            "dependsOn": [
                "[concat(variables('factoryId'), '/integrationRuntimes/SelfHostedIntegrationRuntime')]",
                "[concat(variables('factoryId'), '/linkedServices/LS_KV_001')]"
            ]
        },
        {
            "name": "[concat(parameters('factoryName'), '/LS_SYB_001')]",
            "type": "Microsoft.DataFactory/factories/linkedServices",
            "apiVersion": "2018-06-01",
            "properties": {
                "parameters": {
                    "keyVaultName": {
                        "type": "string"
                    },
                    "userName": {
                        "type": "string"
                    },
                    "secretName": {
                        "type": "string"
                    },
                    "server": {
                        "type": "string"
                    },
                    "port": {
                        "type": "string"
                    },
                    "database": {
                        "type": "string"
                    }
                },
                "annotations": [],
                "type": "Odbc",
                "typeProperties": {
                    "connectionString": "@{concat('Driver={Adaptive Server Enterprise};Server=',linkedService().server,';Port=', linkedService().port, ';Database=', linkedService().database, ';charset=utf8')}",
                    "authenticationType": "Basic",
                    "userName": "[parameters('LS_SYB_001_properties_typeProperties_userName')]",
                    "password": {
                        "type": "AzureKeyVaultSecret",
                        "store": {
                            "referenceName": "LS_KV_001",
                            "type": "LinkedServiceReference",
                            "parameters": {
                                "keyVaultName": {
                                    "value": "@linkedService().keyVaultName",
                                    "type": "Expression"
                                }
                            }
                        },
                        "secretName": {
                            "value": "@linkedService().secretName",
                            "type": "Expression"
                        }
                    }
                },
                "connectVia": {
                    "referenceName": "SelfHostedIntegrationRuntime",
                    "type": "IntegrationRuntimeReference"
                }
            },
            "dependsOn": [
                "[concat(variables('factoryId'), '/integrationRuntimes/SelfHostedIntegrationRuntime')]",
                "[concat(variables('factoryId'), '/linkedServices/LS_KV_001')]"
            ]
        },
        {
            "name": "[concat(parameters('factoryName'), '/LS_SP_001')]",
            "type": "Microsoft.DataFactory/factories/linkedServices",
            "apiVersion": "2018-06-01",
            "properties": {
                "parameters": {
                    "sharepointDomainName": {
                        "type": "string",
                        "defaultValue": "mizuhosecuritiesasialtd"
                    },
                    "sharepointSite": {
                        "type": "string",
                        "defaultValue": "hkmap/ops"
                    }
                },
                "annotations": [],
                "type": "HttpServer",
                "typeProperties": {
                    "url": "[parameters('LS_SP_001_properties_typeProperties_url')]",
                    "enableServerCertificateValidation": true,
                    "authenticationType": "Anonymous"
                },
                "connectVia": {
                    "referenceName": "SelfHostedIntegrationRuntime",
                    "type": "IntegrationRuntimeReference"
                }
            },
            "dependsOn": [
                "[concat(variables('factoryId'), '/integrationRuntimes/SelfHostedIntegrationRuntime')]"
            ]
        },
        {
            "name": "[concat(parameters('factoryName'), '/AutoResolveIntegrationRuntime')]",
            "type": "Microsoft.DataFactory/factories/integrationRuntimes",
            "apiVersion": "2018-06-01",
            "properties": {
                "type": "Managed",
                "typeProperties": {
                    "computeProperties": {
                        "location": "AutoResolve",
                        "dataFlowProperties": {
                            "computeType": "General",
                            "coreCount": 8,
                            "timeToLive": 0
                        }
                    }
                },
                "managedVirtualNetwork": {
                    "type": "ManagedVirtualNetworkReference",
                    "referenceName": "default"
                }
            },
            "dependsOn": [
                "[concat(variables('factoryId'), '/managedVirtualNetworks/default')]"
            ]
        },
        {
            "name": "[concat(parameters('factoryName'), '/default/mpe-hksyn-dfs')]",
            "type": "Microsoft.DataFactory/factories/managedVirtualNetworks/managedPrivateEndpoints",
            "apiVersion": "2018-06-01",
            "properties": {
                "privateLinkResourceId": "[parameters('mpe-hksyn-dfs_properties_privateLinkResourceId')]",
                "groupId": "[parameters('mpe-hksyn-dfs_properties_groupId')]",
                "fqdns": "[parameters('mpe-hksyn-dfs_properties_fqdns')]"
            },
            "dependsOn": [
                "[concat(variables('factoryId'), '/managedVirtualNetworks/default')]"
            ]
        },
        {
            "name": "[concat(parameters('factoryName'), '/default/mpe-hksyn-sql')]",
            "type": "Microsoft.DataFactory/factories/managedVirtualNetworks/managedPrivateEndpoints",
            "apiVersion": "2018-06-01",
            "properties": {
                "privateLinkResourceId": "[parameters('mpe-hksyn-sql_properties_privateLinkResourceId')]",
                "groupId": "[parameters('mpe-hksyn-sql_properties_groupId')]",
                "fqdns": "[parameters('mpe-hksyn-sql_properties_fqdns')]"
            },
            "dependsOn": [
                "[concat(variables('factoryId'), '/managedVirtualNetworks/default')]"
            ]
        },
        {
            "name": "[concat(parameters('factoryName'), '/DS_DataLakeExcel')]",
            "type": "Microsoft.DataFactory/factories/datasets",
            "apiVersion": "2018-06-01",
            "properties": {
                "linkedServiceName": {
                    "referenceName": "LS_DLS_001",
                    "type": "LinkedServiceReference",
                    "parameters": {
                        "dlsName": {
                            "value": "@dataset().storageAccount",
                            "type": "Expression"
                        }
                    }
                },
                "parameters": {
                    "container": {
                        "type": "string"
                    },
                    "path": {
                        "type": "string"
                    },
                    "file": {
                        "type": "string"
                    },
                    "worksheet": {
                        "type": "string"
                    },
                    "header_flag": {
                        "type": "bool",
                        "defaultValue": true
                    },
                    "storageAccount": {
                        "type": "string"
                    }
                },
                "annotations": [],
                "type": "Excel",
                "typeProperties": {
                    "sheetName": {
                        "value": "@dataset().worksheet",
                        "type": "Expression"
                    },
                    "location": {
                        "type": "AzureBlobFSLocation",
                        "fileName": {
                            "value": "@dataset().file",
                            "type": "Expression"
                        },
                        "folderPath": {
                            "value": "@dataset().path",
                            "type": "Expression"
                        },
                        "fileSystem": {
                            "value": "@dataset().container",
                            "type": "Expression"
                        }
                    },
                    "firstRowAsHeader": {
                        "value": "@dataset().header_flag",
                        "type": "Expression"
                    }
                },
                "schema": []
            },
            "dependsOn": [
                "[concat(variables('factoryId'), '/linkedServices/LS_DLS_001')]"
            ]
        },
        {
            "name": "[concat(parameters('factoryName'), '/DS_AzureSQL')]",
            "type": "Microsoft.DataFactory/factories/datasets",
            "apiVersion": "2018-06-01",
            "properties": {
                "linkedServiceName": {
                    "referenceName": "LS_SQL_001",
                    "type": "LinkedServiceReference"
                },
                "parameters": {
                    "server": {
                        "type": "string"
                    },
                    "database": {
                        "type": "string"
                    },
                    "user": {
                        "type": "string"
                    },
                    "passwordSecret": {
                        "type": "string"
                    },
                    "keyVaultName": {
                        "type": "string"
                    },
                    "tableName": {
                        "type": "string"
                    },
                    "schemaName": {
                        "type": "string"
                    }
                },
                "annotations": [],
                "type": "AzureSqlTable",
                "schema": [],
                "typeProperties": {
                    "schema": {
                        "value": "@dataset().schemaName",
                        "type": "Expression"
                    },
                    "table": {
                        "value": "@dataset().tableName",
                        "type": "Expression"
                    }
                }
            },
            "dependsOn": [
                "[concat(variables('factoryId'), '/linkedServices/LS_SQL_001')]"
            ]
        },
        {
            "name": "[concat(parameters('factoryName'), '/DS_FS_DelimitedText')]",
            "type": "Microsoft.DataFactory/factories/datasets",
            "apiVersion": "2018-06-01",
            "properties": {
                "linkedServiceName": {
                    "referenceName": "LS_FS_001",
                    "type": "LinkedServiceReference",
                    "parameters": {
                        "host": {
                            "value": "@dataset().hostRoot",
                            "type": "Expression"
                        },
                        "userName": {
                            "value": "@dataset().userName",
                            "type": "Expression"
                        },
                        "secretName": {
                            "value": "@dataset().secretName",
                            "type": "Expression"
                        },
                        "keyVaultName": {
                            "value": "@dataset().keyVaultName",
                            "type": "Expression"
                        }
                    }
                },
                "parameters": {
                    "folderPath": {
                        "type": "string"
                    },
                    "fileName": {
                        "type": "string"
                    },
                    "firstRowAsHeader": {
                        "type": "bool",
                        "defaultValue": true
                    },
                    "hostRoot": {
                        "type": "string"
                    },
                    "userName": {
                        "type": "string"
                    },
                    "secretName": {
                        "type": "string"
                    },
                    "keyVaultName": {
                        "type": "string"
                    },
                    "columnDelimiter": {
                        "type": "String",
                        "defaultValue": "\t"
                    }
                },
                "annotations": [],
                "type": "DelimitedText",
                "typeProperties": {
                    "location": {
                        "type": "FileServerLocation",
                        "fileName": {
                            "value": "@dataset().fileName",
                            "type": "Expression"
                        },
                        "folderPath": {
                            "value": "@dataset().folderPath",
                            "type": "Expression"
                        }
                    },
                    "columnDelimiter": {
                        "value": "@dataset().columnDelimiter",
                        "type": "Expression"
                    },
                    "escapeChar": "\\",
                    "firstRowAsHeader": {
                        "value": "@dataset().firstRowAsHeader",
                        "type": "Expression"
                    },
                    "quoteChar": "\""
                },
                "schema": []
            },
            "dependsOn": [
                "[concat(variables('factoryId'), '/linkedServices/LS_FS_001')]"
            ]
        },
        {
            "name": "[concat(parameters('factoryName'), '/DS_FS_Excel')]",
            "type": "Microsoft.DataFactory/factories/datasets",
            "apiVersion": "2018-06-01",
            "properties": {
                "linkedServiceName": {
                    "referenceName": "LS_FS_001",
                    "type": "LinkedServiceReference",
                    "parameters": {
                        "host": {
                            "value": "@dataset().hostRoot",
                            "type": "Expression"
                        },
                        "userName": {
                            "value": "@dataset().userName",
                            "type": "Expression"
                        },
                        "secretName": {
                            "value": "@dataset().secretName",
                            "type": "Expression"
                        },
                        "keyVaultName": {
                            "value": "@dataset().keyVaultName",
                            "type": "Expression"
                        }
                    }
                },
                "parameters": {
                    "folderPath": {
                        "type": "string"
                    },
                    "fileName": {
                        "type": "string"
                    },
                    "sheetName": {
                        "type": "string"
                    },
                    "firstRowAsHeader": {
                        "type": "bool",
                        "defaultValue": false
                    },
                    "range": {
                        "type": "string"
                    },
                    "hostRoot": {
                        "type": "string"
                    },
                    "userName": {
                        "type": "string"
                    },
                    "secretName": {
                        "type": "string"
                    },
                    "keyVaultName": {
                        "type": "string"
                    }
                },
                "annotations": [],
                "type": "Excel",
                "typeProperties": {
                    "sheetName": {
                        "value": "@dataset().sheetName",
                        "type": "Expression"
                    },
                    "location": {
                        "type": "FileServerLocation",
                        "fileName": {
                            "value": "@dataset().fileName",
                            "type": "Expression"
                        },
                        "folderPath": {
                            "value": "@dataset().folderPath",
                            "type": "Expression"
                        }
                    },
                    "range": {
                        "value": "@dataset().range",
                        "type": "Expression"
                    },
                    "firstRowAsHeader": {
                        "value": "@dataset().firstRowAsHeader",
                        "type": "Expression"
                    }
                },
                "schema": []
            },
            "dependsOn": [
                "[concat(variables('factoryId'), '/linkedServices/LS_FS_001')]"
            ]
        },
        {
            "name": "[concat(parameters('factoryName'), '/DS_FS_Binary')]",
            "type": "Microsoft.DataFactory/factories/datasets",
            "apiVersion": "2018-06-01",
            "properties": {
                "linkedServiceName": {
                    "referenceName": "LS_FS_001",
                    "type": "LinkedServiceReference",
                    "parameters": {
                        "host": {
                            "value": "@dataset().host",
                            "type": "Expression"
                        },
                        "userName": {
                            "value": "@dataset().userName",
                            "type": "Expression"
                        },
                        "secretName": {
                            "value": "@dataset().secretName",
                            "type": "Expression"
                        },
                        "keyVaultName": {
                            "value": "@dataset().keyVaultName",
                            "type": "Expression"
                        }
                    }
                },
                "parameters": {
                    "folderPath": {
                        "type": "string"
                    },
                    "host": {
                        "type": "string"
                    },
                    "userName": {
                        "type": "string"
                    },
                    "secretName": {
                        "type": "string"
                    },
                    "keyVaultName": {
                        "type": "string"
                    }
                },
                "annotations": [],
                "type": "Binary",
                "typeProperties": {
                    "location": {
                        "type": "FileServerLocation",
                        "folderPath": {
                            "value": "@dataset().folderPath",
                            "type": "Expression"
                        }
                    }
                }
            },
            "dependsOn": [
                "[concat(variables('factoryId'), '/linkedServices/LS_FS_001')]"
            ]
        }
    ]
}