{
    "$schema": "http://schema.management.azure.com/schemas/2015-01-01/deploymentTemplate.json#",
    "contentVersion": "1.0.0.0",
    "parameters": {
        "factoryName": {
            "type": "string",
            "metadata": "Data Factory name",
            "defaultValue": "hksynd01df"
        },
        "LS_ORA_001_connectionString": {
            "type": "secureString",
            "metadata": "Secure string for 'connectionString' of 'LS_ORA_001'",
            "defaultValue": "host=@{linkedService().host};port=@{linkedService().port};sid=@{linkedService().oracleSID};user id=@{linkedService().userName}"
        },
        "LS_DLS_001_properties_typeProperties_url": {
            "type": "string",
            "defaultValue": "@{concat('https://', linkedService().dlsName, '.dfs.core.windows.net/')}"
        },
        "LS_SYN_001_properties_typeProperties_server": {
            "type": "string",
            "defaultValue": "@{concat(linkedService().synapseWsName, '.sql.azuresynapse.net')}"
        },
        "LS_SYN_001_properties_typeProperties_database": {
            "type": "string",
            "defaultValue": "@{linkedService().database}"
        },
        "LS_KV_001_properties_typeProperties_baseUrl": {
            "type": "string",
            "defaultValue": "@{concat('https://', linkedService().keyVaultName, '.vault.azure.net')}"
        },
        "LS_SQL_001_properties_typeProperties_server": {
            "type": "string",
            "defaultValue": "@{linkedService().server}"
        },
        "LS_SQL_001_properties_typeProperties_database": {
            "type": "string",
            "defaultValue": "@{linkedService().database}"
        },
        "LS_SQL_001_properties_typeProperties_userName": {
            "type": "string",
            "defaultValue": "@{linkedService().userName}"
        },
        "LS_FS_001_properties_typeProperties_host": {
            "type": "string",
            "defaultValue": "@{linkedService().host}"
        },
        "LS_FS_001_properties_typeProperties_userId": {
            "type": "string",
            "defaultValue": "@{linkedService().userName}"
        },
        "LS_SYB_001_properties_typeProperties_userName": {
            "type": "string",
            "defaultValue": "@{linkedService().userName}"
        },
        "LS_SP_001_properties_typeProperties_url": {
            "type": "string",
            "defaultValue": "@{concat('https://', linkedService().sharepointDomainName, '.sharepoint.com/sites/', linkedService().sharepointSite, '/_api/')}"
        },
        "mpe-hksyn-dfs_properties_privateLinkResourceId": {
            "type": "string",
            "defaultValue": "/subscriptions/7fad9bab-9341-4541-b0f9-3ca402955e73/resourceGroups/SYN_nonprod/providers/Microsoft.Storage/storageAccounts/hksynd01"
        },
        "mpe-hksyn-dfs_properties_groupId": {
            "type": "string",
            "defaultValue": "dfs"
        },
        "mpe-hksyn-dfs_properties_fqdns": {
            "type": "array",
            "defaultValue": [
                "hksynd01.dfs.core.windows.net"
            ]
        },
        "mpe-hksyn-sql_properties_privateLinkResourceId": {
            "type": "string",
            "defaultValue": "/subscriptions/7fad9bab-9341-4541-b0f9-3ca402955e73/resourceGroups/SYN_nonprod/providers/Microsoft.Synapse/workspaces/hksynd01syn"
        },
        "mpe-hksyn-sql_properties_groupId": {
            "type": "string",
            "defaultValue": "sql"
        },
        "mpe-hksyn-sql_properties_fqdns": {
            "type": "array",
            "defaultValue": [
                "hksynd01syn.sql.azuresynapse.net"
            ]
        },
        "containerUri": {
            "type": "string",
            "metadata": "URI to storage account containing linked ARM templates"
        },
        "containerSasToken": {
            "type": "string",
            "metadata": "Sas token to storage account containing linked ARM templates"
        }
    },
    "variables": {
        "factoryId": "[concat('Microsoft.DataFactory/factories/', parameters('factoryName'))]"
    },
    "resources": [
        {
            "name": "hksynd01df_ArmTemplate_0",
            "type": "Microsoft.Resources/deployments",
            "apiVersion": "2024-03-01",
            "properties": {
                "mode": "incremental",
                "templateLink": {
                    "uri": "[concat(parameters('containerUri'), '/ArmTemplate_0.json', parameters('containerSasToken'))]",
                    "contentVersion": "1.0.0.0"
                },
                "parameters": {
                    "factoryName": {
                        "value": "[parameters('factoryName')]"
                    },
                    "LS_ORA_001_connectionString": {
                        "value": "[parameters('LS_ORA_001_connectionString')]"
                    },
                    "LS_KV_001_properties_typeProperties_baseUrl": {
                        "value": "[parameters('LS_KV_001_properties_typeProperties_baseUrl')]"
                    },
                    "LS_DLS_001_properties_typeProperties_url": {
                        "value": "[parameters('LS_DLS_001_properties_typeProperties_url')]"
                    },
                    "LS_SYN_001_properties_typeProperties_server": {
                        "value": "[parameters('LS_SYN_001_properties_typeProperties_server')]"
                    },
                    "LS_SYN_001_properties_typeProperties_database": {
                        "value": "[parameters('LS_SYN_001_properties_typeProperties_database')]"
                    },
                    "LS_SQL_001_properties_typeProperties_server": {
                        "value": "[parameters('LS_SQL_001_properties_typeProperties_server')]"
                    },
                    "LS_SQL_001_properties_typeProperties_database": {
                        "value": "[parameters('LS_SQL_001_properties_typeProperties_database')]"
                    },
                    "LS_SQL_001_properties_typeProperties_userName": {
                        "value": "[parameters('LS_SQL_001_properties_typeProperties_userName')]"
                    },
                    "LS_FS_001_properties_typeProperties_host": {
                        "value": "[parameters('LS_FS_001_properties_typeProperties_host')]"
                    },
                    "LS_FS_001_properties_typeProperties_userId": {
                        "value": "[parameters('LS_FS_001_properties_typeProperties_userId')]"
                    },
                    "LS_SYB_001_properties_typeProperties_userName": {
                        "value": "[parameters('LS_SYB_001_properties_typeProperties_userName')]"
                    },
                    "LS_SP_001_properties_typeProperties_url": {
                        "value": "[parameters('LS_SP_001_properties_typeProperties_url')]"
                    },
                    "mpe-hksyn-dfs_properties_privateLinkResourceId": {
                        "value": "[parameters('mpe-hksyn-dfs_properties_privateLinkResourceId')]"
                    },
                    "mpe-hksyn-dfs_properties_groupId": {
                        "value": "[parameters('mpe-hksyn-dfs_properties_groupId')]"
                    },
                    "mpe-hksyn-dfs_properties_fqdns": {
                        "value": "[parameters('mpe-hksyn-dfs_properties_fqdns')]"
                    },
                    "mpe-hksyn-sql_properties_privateLinkResourceId": {
                        "value": "[parameters('mpe-hksyn-sql_properties_privateLinkResourceId')]"
                    },
                    "mpe-hksyn-sql_properties_groupId": {
                        "value": "[parameters('mpe-hksyn-sql_properties_groupId')]"
                    },
                    "mpe-hksyn-sql_properties_fqdns": {
                        "value": "[parameters('mpe-hksyn-sql_properties_fqdns')]"
                    }
                }
            },
            "dependsOn": []
        },
        {
            "name": "hksynd01df_ArmTemplate_1",
            "type": "Microsoft.Resources/deployments",
            "apiVersion": "2024-03-01",
            "properties": {
                "mode": "incremental",
                "templateLink": {
                    "uri": "[concat(parameters('containerUri'), '/ArmTemplate_1.json', parameters('containerSasToken'))]",
                    "contentVersion": "1.0.0.0"
                },
                "parameters": {
                    "factoryName": {
                        "value": "[parameters('factoryName')]"
                    }
                }
            },
            "dependsOn": [
                "[resourceId('Microsoft.Resources/deployments', 'hksynd01df_ArmTemplate_0')]"
            ]
        },
        {
            "name": "hksynd01df_ArmTemplate_2",
            "type": "Microsoft.Resources/deployments",
            "apiVersion": "2024-03-01",
            "properties": {
                "mode": "incremental",
                "templateLink": {
                    "uri": "[concat(parameters('containerUri'), '/ArmTemplate_2.json', parameters('containerSasToken'))]",
                    "contentVersion": "1.0.0.0"
                },
                "parameters": {
                    "factoryName": {
                        "value": "[parameters('factoryName')]"
                    }
                }
            },
            "dependsOn": [
                "[resourceId('Microsoft.Resources/deployments', 'hksynd01df_ArmTemplate_1')]"
            ]
        },
        {
            "name": "hksynd01df_ArmTemplate_3",
            "type": "Microsoft.Resources/deployments",
            "apiVersion": "2024-03-01",
            "properties": {
                "mode": "incremental",
                "templateLink": {
                    "uri": "[concat(parameters('containerUri'), '/ArmTemplate_3.json', parameters('containerSasToken'))]",
                    "contentVersion": "1.0.0.0"
                },
                "parameters": {
                    "factoryName": {
                        "value": "[parameters('factoryName')]"
                    }
                }
            },
            "dependsOn": [
                "[resourceId('Microsoft.Resources/deployments', 'hksynd01df_ArmTemplate_2')]"
            ]
        }
    ]
}