{
    "$schema": "http://schema.management.azure.com/schemas/2015-01-01/deploymentTemplate.json#",
    "contentVersion": "1.0.0.0",
    "parameters": {
        "factoryName": {
            "type": "string",
            "metadata": "Data Factory name",
            "defaultValue": "hksynd01df"
        }
    },
    "variables": {
        "factoryId": "[concat('Microsoft.DataFactory/factories/', parameters('factoryName'))]"
    },
    "resources": [
        {
            "name": "[concat(parameters('factoryName'), '/DS_DataLakeCSV')]",
            "type": "Microsoft.DataFactory/factories/datasets",
            "apiVersion": "2018-06-01",
            "properties": {
                "linkedServiceName": {
                    "referenceName": "LS_DLS_001",
                    "type": "LinkedServiceReference",
                    "parameters": {
                        "dlsName": {
                            "value": "@dataset().storageAccount",
                            "type": "Expression"
                        }
                    }
                },
                "parameters": {
                    "container": {
                        "type": "string"
                    },
                    "path": {
                        "type": "string"
                    },
                    "file": {
                        "type": "string",
                        "defaultValue": "DataSourceConfig.csv"
                    },
                    "header_flag": {
                        "type": "bool",
                        "defaultValue": true
                    },
                    "storageAccount": {
                        "type": "string"
                    }
                },
                "annotations": [],
                "type": "DelimitedText",
                "typeProperties": {
                    "location": {
                        "type": "AzureBlobFSLocation",
                        "fileName": {
                            "value": "@dataset().file",
                            "type": "Expression"
                        },
                        "folderPath": {
                            "value": "@dataset().path",
                            "type": "Expression"
                        },
                        "fileSystem": {
                            "value": "@dataset().container",
                            "type": "Expression"
                        }
                    },
                    "columnDelimiter": ",",
                    "escapeChar": "\\",
                    "firstRowAsHeader": {
                        "value": "@dataset().header_flag",
                        "type": "Expression"
                    },
                    "quoteChar": "\""
                },
                "schema": []
            },
            "dependsOn": []
        },
        {
            "name": "[concat(parameters('factoryName'), '/DS_DataLakeParquet')]",
            "type": "Microsoft.DataFactory/factories/datasets",
            "apiVersion": "2018-06-01",
            "properties": {
                "linkedServiceName": {
                    "referenceName": "LS_DLS_001",
                    "type": "LinkedServiceReference",
                    "parameters": {
                        "dlsName": {
                            "value": "@dataset().storageAccount",
                            "type": "Expression"
                        }
                    }
                },
                "parameters": {
                    "container": {
                        "type": "string"
                    },
                    "path": {
                        "type": "string"
                    },
                    "file": {
                        "type": "string"
                    },
                    "storageAccount": {
                        "type": "string"
                    }
                },
                "annotations": [],
                "type": "Parquet",
                "typeProperties": {
                    "location": {
                        "type": "AzureBlobFSLocation",
                        "fileName": {
                            "value": "@dataset().file",
                            "type": "Expression"
                        },
                        "folderPath": {
                            "value": "@dataset().path",
                            "type": "Expression"
                        },
                        "fileSystem": {
                            "value": "@dataset().container",
                            "type": "Expression"
                        }
                    },
                    "compressionCodec": "snappy"
                },
                "schema": []
            },
            "dependsOn": []
        },
        {
            "name": "[concat(parameters('factoryName'), '/DS_SynapseDedicatedSQL')]",
            "type": "Microsoft.DataFactory/factories/datasets",
            "apiVersion": "2018-06-01",
            "properties": {
                "linkedServiceName": {
                    "referenceName": "LS_SYN_001",
                    "type": "LinkedServiceReference",
                    "parameters": {
                        "database": {
                            "value": "@dataset().databaseName",
                            "type": "Expression"
                        },
                        "synapseWsName": {
                            "value": "@dataset().synapseWsName",
                            "type": "Expression"
                        }
                    }
                },
                "parameters": {
                    "synapseWsName": {
                        "type": "string"
                    },
                    "databaseName": {
                        "type": "string"
                    },
                    "schemaName": {
                        "type": "string"
                    },
                    "tableName": {
                        "type": "string"
                    }
                },
                "annotations": [],
                "type": "AzureSqlDWTable",
                "schema": [],
                "typeProperties": {
                    "schema": {
                        "value": "@dataset().schemaName",
                        "type": "Expression"
                    },
                    "table": {
                        "value": "@dataset().tableName",
                        "type": "Expression"
                    }
                }
            },
            "dependsOn": []
        },
        {
            "name": "[concat(parameters('factoryName'), '/DS_SQL_Server')]",
            "type": "Microsoft.DataFactory/factories/datasets",
            "apiVersion": "2018-06-01",
            "properties": {
                "linkedServiceName": {
                    "referenceName": "LS_SQL_001",
                    "type": "LinkedServiceReference",
                    "parameters": {
                        "server": {
                            "value": "@dataset().server",
                            "type": "Expression"
                        },
                        "database": {
                            "value": "@dataset().database",
                            "type": "Expression"
                        },
                        "userName": {
                            "value": "@dataset().userName",
                            "type": "Expression"
                        },
                        "secretName": {
                            "value": "@dataset().secretName",
                            "type": "Expression"
                        },
                        "keyVaultName": {
                            "value": "@dataset().keyVaultName",
                            "type": "Expression"
                        }
                    }
                },
                "parameters": {
                    "server": {
                        "type": "string"
                    },
                    "database": {
                        "type": "string"
                    },
                    "userName": {
                        "type": "string"
                    },
                    "secretName": {
                        "type": "string"
                    },
                    "keyVaultName": {
                        "type": "string"
                    }
                },
                "annotations": [],
                "type": "SqlServerTable",
                "schema": [],
                "typeProperties": {}
            },
            "dependsOn": []
        },
        {
            "name": "[concat(parameters('factoryName'), '/DS_DataLakeJSON')]",
            "type": "Microsoft.DataFactory/factories/datasets",
            "apiVersion": "2018-06-01",
            "properties": {
                "linkedServiceName": {
                    "referenceName": "LS_DLS_001",
                    "type": "LinkedServiceReference",
                    "parameters": {
                        "dlsName": {
                            "value": "@dataset().storageAccount",
                            "type": "Expression"
                        }
                    }
                },
                "parameters": {
                    "container": {
                        "type": "string"
                    },
                    "path": {
                        "type": "string"
                    },
                    "file": {
                        "type": "string"
                    },
                    "storageAccount": {
                        "type": "string"
                    }
                },
                "annotations": [],
                "type": "Json",
                "typeProperties": {
                    "location": {
                        "type": "AzureBlobFSLocation",
                        "fileName": {
                            "value": "@dataset().file",
                            "type": "Expression"
                        },
                        "folderPath": {
                            "value": "@dataset().path",
                            "type": "Expression"
                        },
                        "fileSystem": {
                            "value": "@dataset().container",
                            "type": "Expression"
                        }
                    }
                },
                "schema": {}
            },
            "dependsOn": []
        },
        {
            "name": "[concat(parameters('factoryName'), '/DS_Oracle')]",
            "type": "Microsoft.DataFactory/factories/datasets",
            "apiVersion": "2018-06-01",
            "properties": {
                "linkedServiceName": {
                    "referenceName": "LS_ORA_001",
                    "type": "LinkedServiceReference",
                    "parameters": {
                        "host": {
                            "value": "@dataset().host",
                            "type": "Expression"
                        },
                        "port": {
                            "value": "@dataset().port",
                            "type": "Expression"
                        },
                        "oracleSID": {
                            "value": "@dataset().oracleSID",
                            "type": "Expression"
                        },
                        "userName": {
                            "value": "@dataset().userName",
                            "type": "Expression"
                        },
                        "secretName": {
                            "value": "@dataset().secretName",
                            "type": "Expression"
                        },
                        "keyVaultName": {
                            "value": "@dataset().keyVaultName",
                            "type": "Expression"
                        }
                    }
                },
                "parameters": {
                    "host": {
                        "type": "string"
                    },
                    "port": {
                        "type": "string"
                    },
                    "oracleSID": {
                        "type": "string"
                    },
                    "userName": {
                        "type": "string"
                    },
                    "secretName": {
                        "type": "string"
                    },
                    "keyVaultName": {
                        "type": "string"
                    }
                },
                "annotations": [],
                "type": "OracleTable",
                "schema": [],
                "typeProperties": {}
            },
            "dependsOn": []
        },
        {
            "name": "[concat(parameters('factoryName'), '/DS_DataLakeDynamicParquet')]",
            "type": "Microsoft.DataFactory/factories/datasets",
            "apiVersion": "2018-06-01",
            "properties": {
                "linkedServiceName": {
                    "referenceName": "LS_DLS_001",
                    "type": "LinkedServiceReference",
                    "parameters": {
                        "dlsName": {
                            "value": "@dataset().storageAccount",
                            "type": "Expression"
                        }
                    }
                },
                "parameters": {
                    "container": {
                        "type": "string"
                    },
                    "path": {
                        "type": "string"
                    },
                    "storageAccount": {
                        "type": "string"
                    }
                },
                "annotations": [],
                "type": "Parquet",
                "typeProperties": {
                    "location": {
                        "type": "AzureBlobFSLocation",
                        "folderPath": {
                            "value": "@dataset().path",
                            "type": "Expression"
                        },
                        "fileSystem": {
                            "value": "@dataset().container",
                            "type": "Expression"
                        }
                    },
                    "compressionCodec": "snappy"
                },
                "schema": []
            },
            "dependsOn": []
        },
        {
            "name": "[concat(parameters('factoryName'), '/DS_Sybase')]",
            "type": "Microsoft.DataFactory/factories/datasets",
            "apiVersion": "2018-06-01",
            "properties": {
                "linkedServiceName": {
                    "referenceName": "LS_SYB_001",
                    "type": "LinkedServiceReference",
                    "parameters": {
                        "keyVaultName": {
                            "value": "@dataset().keyVaultName",
                            "type": "Expression"
                        },
                        "userName": {
                            "value": "@dataset().userName",
                            "type": "Expression"
                        },
                        "secretName": {
                            "value": "@dataset().secretName",
                            "type": "Expression"
                        },
                        "server": {
                            "value": "@dataset().server",
                            "type": "Expression"
                        },
                        "port": {
                            "value": "@dataset().port",
                            "type": "Expression"
                        },
                        "database": {
                            "value": "@dataset().database",
                            "type": "Expression"
                        }
                    }
                },
                "parameters": {
                    "keyVaultName": {
                        "type": "string"
                    },
                    "userName": {
                        "type": "string"
                    },
                    "secretName": {
                        "type": "string"
                    },
                    "server": {
                        "type": "string"
                    },
                    "port": {
                        "type": "string"
                    },
                    "database": {
                        "type": "string"
                    }
                },
                "annotations": [],
                "type": "OdbcTable",
                "schema": [],
                "typeProperties": {
                    "tableName": "equity_back..TibXmlAllTradesList"
                }
            },
            "dependsOn": []
        },
        {
            "name": "[concat(parameters('factoryName'), '/DS_DataLakeXML')]",
            "type": "Microsoft.DataFactory/factories/datasets",
            "apiVersion": "2018-06-01",
            "properties": {
                "linkedServiceName": {
                    "referenceName": "LS_DLS_001",
                    "type": "LinkedServiceReference",
                    "parameters": {
                        "dlsName": "@dataset().storageAccount"
                    }
                },
                "parameters": {
                    "container": {
                        "type": "string"
                    },
                    "path": {
                        "type": "string"
                    },
                    "file": {
                        "type": "string"
                    },
                    "storageAccount": {
                        "type": "string"
                    }
                },
                "annotations": [],
                "type": "Xml",
                "typeProperties": {
                    "location": {
                        "type": "AzureBlobFSLocation",
                        "fileName": {
                            "value": "@dataset().file",
                            "type": "Expression"
                        },
                        "folderPath": {
                            "value": "@dataset().path",
                            "type": "Expression"
                        },
                        "fileSystem": {
                            "value": "@dataset().container",
                            "type": "Expression"
                        }
                    }
                }
            },
            "dependsOn": []
        },
        {
            "name": "[concat(parameters('factoryName'), '/DS_SP_Binary')]",
            "type": "Microsoft.DataFactory/factories/datasets",
            "apiVersion": "2018-06-01",
            "properties": {
                "linkedServiceName": {
                    "referenceName": "LS_SP_001",
                    "type": "LinkedServiceReference",
                    "parameters": {
                        "sharepointDomainName": {
                            "value": "@dataset().sharepointDomainName",
                            "type": "Expression"
                        },
                        "sharepointSite": {
                            "value": "@dataset().sharepiontSite",
                            "type": "Expression"
                        }
                    }
                },
                "parameters": {
                    "fileName": {
                        "type": "string",
                        "defaultValue": "MHSA and MHSS and MMFS - Daily Performance Report Template_20241115.xlsx"
                    },
                    "HREF": {
                        "type": "string",
                        "defaultValue": "Web/Lists(guid'9462b8b9-8bbf-4c1c-b0e7-b15d36fe0fab')/Items(275)"
                    },
                    "sharepointDomainName": {
                        "type": "string",
                        "defaultValue": "mizuhosecuritiesasialtd"
                    },
                    "sharepiontSite": {
                        "type": "string",
                        "defaultValue": "hkmap/ops"
                    }
                },
                "annotations": [],
                "type": "Binary",
                "typeProperties": {
                    "location": {
                        "type": "HttpServerLocation",
                        "relativeUrl": {
                            "value": "@concat(dataset().HREF, '/AttachmentFiles(''', dataset().fileName, '.xlsx'')/$value')",
                            "type": "Expression"
                        }
                    }
                }
            },
            "dependsOn": []
        },
        {
            "name": "[concat(parameters('factoryName'), '/DS_FS_Binary_wFileName')]",
            "type": "Microsoft.DataFactory/factories/datasets",
            "apiVersion": "2018-06-01",
            "properties": {
                "linkedServiceName": {
                    "referenceName": "LS_FS_001",
                    "type": "LinkedServiceReference",
                    "parameters": {
                        "host": {
                            "value": "@dataset().host",
                            "type": "Expression"
                        },
                        "userName": {
                            "value": "@dataset().userName",
                            "type": "Expression"
                        },
                        "secretName": {
                            "value": "@dataset().secretName",
                            "type": "Expression"
                        },
                        "keyVaultName": {
                            "value": "@dataset().keyVaultName",
                            "type": "Expression"
                        }
                    }
                },
                "parameters": {
                    "fileName": {
                        "type": "string"
                    },
                    "folderPath": {
                        "type": "string"
                    },
                    "host": {
                        "type": "string"
                    },
                    "userName": {
                        "type": "string"
                    },
                    "secretName": {
                        "type": "string"
                    },
                    "keyVaultName": {
                        "type": "string"
                    }
                },
                "annotations": [],
                "type": "Binary",
                "typeProperties": {
                    "location": {
                        "type": "FileServerLocation",
                        "fileName": {
                            "value": "@dataset().fileName",
                            "type": "Expression"
                        },
                        "folderPath": {
                            "value": "@dataset().folderPath",
                            "type": "Expression"
                        }
                    }
                }
            },
            "dependsOn": []
        },
        {
            "name": "[concat(parameters('factoryName'), '/PL_SynapseTableCreation')]",
            "type": "Microsoft.DataFactory/factories/pipelines",
            "apiVersion": "2018-06-01",
            "properties": {
                "activities": [
                    {
                        "name": "SQL",
                        "type": "Script",
                        "dependsOn": [
                            {
                                "activity": "Set variable scriptContent",
                                "dependencyConditions": [
                                    "Succeeded"
                                ]
                            }
                        ],
                        "policy": {
                            "timeout": "0.12:00:00",
                            "retry": 0,
                            "retryIntervalInSeconds": 30,
                            "secureOutput": false,
                            "secureInput": false
                        },
                        "userProperties": [],
                        "linkedServiceName": {
                            "referenceName": "LS_SYN_001",
                            "type": "LinkedServiceReference",
                            "parameters": {
                                "database": {
                                    "value": "@pipeline().parameters.synapseDBName",
                                    "type": "Expression"
                                },
                                "synapseWsName": {
                                    "value": "@pipeline().parameters.synapseWsName",
                                    "type": "Expression"
                                }
                            }
                        },
                        "typeProperties": {
                            "scripts": [
                                {
                                    "type": "Query",
                                    "text": {
                                        "value": "@variables('scriptContent')",
                                        "type": "Expression"
                                    }
                                }
                            ],
                            "scriptBlockExecutionTimeout": "02:00:00"
                        }
                    },
                    {
                        "name": "Set variable transactionTableScriptTemplate",
                        "description": "",
                        "type": "SetVariable",
                        "dependsOn": [],
                        "policy": {
                            "secureOutput": false,
                            "secureInput": false
                        },
                        "userProperties": [],
                        "typeProperties": {
                            "variableName": "transactionTableScriptTemplate",
                            "value": {
                                "value": "IF exists(select * from sys.tables where SCHEMA_NAME(schema_id) = 'dbo' and name = 'stg_<reportName>_<tableName>')\nDROP TABLE [dbo].[stg_<reportName>_<tableName>];\nCREATE TABLE [dbo].[stg_<reportName>_<tableName>]\nWITH (HEAP, DISTRIBUTION = ROUND_ROBIN)\nAS \nSELECT * FROM [dbo].[ext_<reportName>_<tableName>];\nIF exists(select * from sys.tables where SCHEMA_NAME(schema_id) = 'dbo' and name = 'trn_<reportName>_<tableName>')\nDROP TABLE [dbo].[trn_<reportName>_<tableName>];\nCREATE TABLE [dbo].[trn_<reportName>_<tableName>]\nWITH \n(CLUSTERED COLUMNSTORE INDEX, DISTRIBUTION = HASH(<hashKey>))\nAS\nSELECT\n  * \nFROM [dbo].[stg_<reportName>_<tableName>];\nDROP TABLE [dbo].[stg_<reportName>_<tableName>];",
                                "type": "Expression"
                            }
                        }
                    },
                    {
                        "name": "Set variable nonTransactionTableScriptTemplate",
                        "type": "SetVariable",
                        "dependsOn": [],
                        "policy": {
                            "secureOutput": false,
                            "secureInput": false
                        },
                        "userProperties": [],
                        "typeProperties": {
                            "variableName": "nonTransactionTableScriptTemplate",
                            "value": {
                                "value": "IF exists(select * from sys.tables where SCHEMA_NAME(schema_id) = 'dbo' and name = 'stg_<reportName>_<tableName>')\nDROP TABLE [dbo].[stg_<reportName>_<tableName>];\nCREATE TABLE [dbo].[stg_<reportName>_<tableName>]\nWITH (HEAP, DISTRIBUTION = ROUND_ROBIN)\nAS \nSELECT * FROM [dbo].[ext_<reportName>_<tableName>];\nIF exists(select * from sys.tables where SCHEMA_NAME(schema_id) = 'dbo' and name = 'ntrn_<reportName>_<tableName>')\nDROP TABLE [dbo].[ntrn_<reportName>_<tableName>];\nCREATE TABLE [dbo].[ntrn_<reportName>_<tableName>]\nWITH \n(CLUSTERED COLUMNSTORE INDEX, DISTRIBUTION = REPLICATE)\nAS\nSELECT\n  *\nFROM [dbo].[stg_<reportName>_<tableName>];\nDROP TABLE [dbo].[stg_<reportName>_<tableName>];",
                                "type": "Expression"
                            }
                        }
                    },
                    {
                        "name": "Set variable scriptContent",
                        "type": "SetVariable",
                        "dependsOn": [
                            {
                                "activity": "Set variable transactionTableScript",
                                "dependencyConditions": [
                                    "Succeeded"
                                ]
                            },
                            {
                                "activity": "Set variable nonTransactionTableScript",
                                "dependencyConditions": [
                                    "Succeeded"
                                ]
                            }
                        ],
                        "policy": {
                            "secureOutput": false,
                            "secureInput": false
                        },
                        "userProperties": [],
                        "typeProperties": {
                            "variableName": "scriptContent",
                            "value": {
                                "value": "@if(equals(pipeline().parameters.tableType, 'transaction'),\nreplace(replace(replace(variables('transactionTableScript'),'<tableName>', pipeline().parameters.tableName), '<reportName>', pipeline().parameters.reportName), '<hashKey>', pipeline().parameters.hashKey)\n,\nreplace(replace(variables('nonTransactionTableScript'),'<tableName>', pipeline().parameters.tableName), '<reportName>', pipeline().parameters.reportName)\n)",
                                "type": "Expression"
                            }
                        }
                    },
                    {
                        "name": "Set variable transactionTableScript",
                        "type": "SetVariable",
                        "dependsOn": [
                            {
                                "activity": "Set variable transactionTableScriptTemplate",
                                "dependencyConditions": [
                                    "Succeeded"
                                ]
                            }
                        ],
                        "policy": {
                            "secureOutput": false,
                            "secureInput": false
                        },
                        "userProperties": [],
                        "typeProperties": {
                            "variableName": "transactionTableScript",
                            "value": {
                                "value": "@replace(variables('transactionTableScriptTemplate'), 'dbo',pipeline().parameters.synapseSchema)",
                                "type": "Expression"
                            }
                        }
                    },
                    {
                        "name": "Set variable nonTransactionTableScript",
                        "type": "SetVariable",
                        "dependsOn": [
                            {
                                "activity": "Set variable nonTransactionTableScriptTemplate",
                                "dependencyConditions": [
                                    "Succeeded"
                                ]
                            }
                        ],
                        "policy": {
                            "secureOutput": false,
                            "secureInput": false
                        },
                        "userProperties": [],
                        "typeProperties": {
                            "variableName": "nonTransactionTableScript",
                            "value": {
                                "value": "@replace(variables('nonTransactionTableScriptTemplate'), 'dbo',pipeline().parameters.synapseSchema)",
                                "type": "Expression"
                            }
                        }
                    }
                ],
                "policy": {
                    "elapsedTimeMetric": {}
                },
                "parameters": {
                    "tableName": {
                        "type": "string"
                    },
                    "tableType": {
                        "type": "string"
                    },
                    "hashKey": {
                        "type": "string"
                    },
                    "reportName": {
                        "type": "string"
                    },
                    "synapseSchema": {
                        "type": "string"
                    },
                    "synapseWsName": {
                        "type": "string"
                    },
                    "synapseDBName": {
                        "type": "string"
                    }
                },
                "variables": {
                    "nonTransactionTableScriptTemplate": {
                        "type": "String"
                    },
                    "transactionTableScriptTemplate": {
                        "type": "String"
                    },
                    "scriptContent": {
                        "type": "String"
                    },
                    "nonTransactionTableScript": {
                        "type": "String"
                    },
                    "transactionTableScript": {
                        "type": "String"
                    }
                },
                "folder": {
                    "name": "Mizuho/Data Extraction"
                },
                "annotations": [],
                "lastPublishTime": "2024-12-18T11:27:10Z"
            },
            "dependsOn": []
        },
        {
            "name": "[concat(parameters('factoryName'), '/PL_InsertMetadata')]",
            "type": "Microsoft.DataFactory/factories/pipelines",
            "apiVersion": "2018-06-01",
            "properties": {
                "activities": [
                    {
                        "name": "ForEach File in List",
                        "type": "ForEach",
                        "dependsOn": [],
                        "userProperties": [],
                        "typeProperties": {
                            "items": {
                                "value": "@pipeline().parameters.fileList",
                                "type": "Expression"
                            },
                            "activities": [
                                {
                                    "name": "Insert Metadata to Table",
                                    "type": "Script",
                                    "dependsOn": [],
                                    "policy": {
                                        "timeout": "0.12:00:00",
                                        "retry": 0,
                                        "retryIntervalInSeconds": 30,
                                        "secureOutput": false,
                                        "secureInput": false
                                    },
                                    "userProperties": [],
                                    "linkedServiceName": {
                                        "referenceName": "LS_SYN_001",
                                        "type": "LinkedServiceReference",
                                        "parameters": {
                                            "database": {
                                                "value": "@pipeline().parameters.dbName",
                                                "type": "Expression"
                                            },
                                            "synapseWsName": {
                                                "value": "@pipeline().parameters.synapseWsName",
                                                "type": "Expression"
                                            }
                                        }
                                    },
                                    "typeProperties": {
                                        "scripts": [
                                            {
                                                "type": "Query",
                                                "text": {
                                                    "value": "@concat('insert into ', pipeline().parameters.synapseSchema,'.rpt_FRR_Form12_NAV_Under_Management_Metadata (SystemType,ReportMonth,FolderPath,FileName) VALUES (''',pipeline().parameters.systemType,''',''',pipeline().parameters.reportMonth,''',''FI/'',''',item(),''')' )",
                                                    "type": "Expression"
                                                }
                                            }
                                        ],
                                        "scriptBlockExecutionTimeout": "02:00:00"
                                    }
                                }
                            ]
                        }
                    }
                ],
                "policy": {
                    "elapsedTimeMetric": {}
                },
                "parameters": {
                    "fileList": {
                        "type": "array",
                        "defaultValue": []
                    },
                    "reportMonth": {
                        "type": "string"
                    },
                    "folderPath": {
                        "type": "string"
                    },
                    "systemType": {
                        "type": "string"
                    },
                    "dbName": {
                        "type": "string"
                    },
                    "synapseWsName": {
                        "type": "string"
                    },
                    "synapseSchema": {
                        "type": "string"
                    }
                },
                "folder": {
                    "name": "Mizuho/Data Extraction/Pre-Check"
                },
                "annotations": [],
                "lastPublishTime": "2024-12-18T11:27:10Z"
            },
            "dependsOn": []
        },
        {
            "name": "[concat(parameters('factoryName'), '/PL_SYNPool_Pause')]",
            "type": "Microsoft.DataFactory/factories/pipelines",
            "apiVersion": "2018-06-01",
            "properties": {
                "activities": [
                    {
                        "name": "Check Pool Status",
                        "type": "WebActivity",
                        "dependsOn": [],
                        "policy": {
                            "timeout": "0.12:00:00",
                            "retry": 0,
                            "retryIntervalInSeconds": 30,
                            "secureOutput": false,
                            "secureInput": false
                        },
                        "userProperties": [],
                        "typeProperties": {
                            "method": "GET",
                            "headers": {},
                            "url": {
                                "value": "@concat(\n        'https://management.azure.com/subscriptions/',\n        pipeline().parameters.SubscriptionID,\n        '/resourceGroups/',\n        pipeline().parameters.ResourceGroup,\n        '/providers/Microsoft.Synapse/workspaces/',\n        pipeline().parameters.SynapseWorkspace,\n        '/sqlPools/',\n        pipeline().parameters.SynapsePool,\n        '?api-version=2021-06-01'\n)",
                                "type": "Expression"
                            },
                            "connectVia": {
                                "referenceName": "AutoResolveIntegrationRuntime",
                                "type": "IntegrationRuntimeReference"
                            },
                            "authentication": {
                                "type": "MSI",
                                "resource": "https://management.azure.com"
                            }
                        }
                    },
                    {
                        "name": "If Condition1",
                        "type": "IfCondition",
                        "dependsOn": [
                            {
                                "activity": "Check Pool Status",
                                "dependencyConditions": [
                                    "Succeeded"
                                ]
                            }
                        ],
                        "userProperties": [],
                        "typeProperties": {
                            "expression": {
                                "value": "@equals(activity('Check Pool Status').output.properties.status, 'Paused')\n",
                                "type": "Expression"
                            },
                            "ifFalseActivities": [
                                {
                                    "name": "Pause Pool",
                                    "type": "WebActivity",
                                    "dependsOn": [],
                                    "policy": {
                                        "timeout": "0.12:00:00",
                                        "retry": 0,
                                        "retryIntervalInSeconds": 30,
                                        "secureOutput": false,
                                        "secureInput": false
                                    },
                                    "userProperties": [],
                                    "typeProperties": {
                                        "method": "POST",
                                        "headers": {},
                                        "url": {
                                            "value": "@concat('https://management.azure.com/subscriptions/',\n    pipeline().parameters.subscriptionId,\n    '/resourceGroups/',\n    pipeline().parameters.resourceGroup,\n    '/providers/Microsoft.Synapse/workspaces/',\n    pipeline().parameters.synapseWorkspace,\n    '/sqlPools/',\n    pipeline().parameters.synapsePool,\n    '/pause?api-version=2021-06-01'\n)\n",
                                            "type": "Expression"
                                        },
                                        "connectVia": {
                                            "referenceName": "AutoResolveIntegrationRuntime",
                                            "type": "IntegrationRuntimeReference"
                                        },
                                        "body": " ",
                                        "authentication": {
                                            "type": "MSI",
                                            "resource": "https://management.azure.com"
                                        }
                                    }
                                }
                            ],
                            "ifTrueActivities": [
                                {
                                    "name": "No Need To Pause",
                                    "type": "Wait",
                                    "dependsOn": [],
                                    "userProperties": [],
                                    "typeProperties": {
                                        "waitTimeInSeconds": 1
                                    }
                                }
                            ]
                        }
                    }
                ],
                "policy": {
                    "elapsedTimeMetric": {}
                },
                "parameters": {
                    "subscriptionId": {
                        "type": "string"
                    },
                    "resourceGroup": {
                        "type": "string"
                    },
                    "synapseWorkspace": {
                        "type": "string"
                    },
                    "synapsePool": {
                        "type": "string"
                    }
                },
                "folder": {
                    "name": "Temp"
                },
                "annotations": [],
                "lastPublishTime": "2025-01-03T04:06:36Z"
            },
            "dependsOn": []
        },
        {
            "name": "[concat(parameters('factoryName'), '/PL_SYNPool_Resume')]",
            "type": "Microsoft.DataFactory/factories/pipelines",
            "apiVersion": "2018-06-01",
            "properties": {
                "activities": [
                    {
                        "name": "Check Pool Status",
                        "type": "WebActivity",
                        "dependsOn": [],
                        "policy": {
                            "timeout": "0.12:00:00",
                            "retry": 0,
                            "retryIntervalInSeconds": 30,
                            "secureOutput": false,
                            "secureInput": false
                        },
                        "userProperties": [],
                        "typeProperties": {
                            "method": "GET",
                            "headers": {},
                            "url": {
                                "value": "@concat(\n        'https://management.azure.com/subscriptions/',\n        pipeline().parameters.SubscriptionID,\n        '/resourceGroups/',\n        pipeline().parameters.ResourceGroup,\n        '/providers/Microsoft.Synapse/workspaces/',\n        pipeline().parameters.SynapseWorkspace,\n        '/sqlPools/',\n        pipeline().parameters.SynapsePool,\n        '?api-version=2021-06-01'\n)",
                                "type": "Expression"
                            },
                            "connectVia": {
                                "referenceName": "AutoResolveIntegrationRuntime",
                                "type": "IntegrationRuntimeReference"
                            },
                            "authentication": {
                                "type": "MSI",
                                "resource": "https://management.azure.com"
                            }
                        }
                    },
                    {
                        "name": "If Pool Paused",
                        "type": "IfCondition",
                        "dependsOn": [
                            {
                                "activity": "Check Pool Status",
                                "dependencyConditions": [
                                    "Succeeded"
                                ]
                            }
                        ],
                        "userProperties": [],
                        "typeProperties": {
                            "expression": {
                                "value": "@equals(activity('Check Pool Status').output.properties.status, 'Paused')\n",
                                "type": "Expression"
                            },
                            "ifFalseActivities": [
                                {
                                    "name": "No Need To Resume",
                                    "type": "Wait",
                                    "dependsOn": [],
                                    "userProperties": [],
                                    "typeProperties": {
                                        "waitTimeInSeconds": 1
                                    }
                                }
                            ],
                            "ifTrueActivities": [
                                {
                                    "name": "Resume Pool",
                                    "type": "WebActivity",
                                    "dependsOn": [],
                                    "policy": {
                                        "timeout": "0.12:00:00",
                                        "retry": 0,
                                        "retryIntervalInSeconds": 30,
                                        "secureOutput": false,
                                        "secureInput": false
                                    },
                                    "userProperties": [],
                                    "typeProperties": {
                                        "method": "POST",
                                        "headers": {},
                                        "url": {
                                            "value": "@concat('https://management.azure.com/subscriptions/',\n    pipeline().parameters.subscriptionId,\n    '/resourceGroups/',\n    pipeline().parameters.resourceGroup,\n    '/providers/Microsoft.Synapse/workspaces/',\n    pipeline().parameters.synapseWorkspace,\n    '/sqlPools/',\n    pipeline().parameters.synapsePool,\n    '/resume?api-version=2021-06-01'\n)\n",
                                            "type": "Expression"
                                        },
                                        "connectVia": {
                                            "referenceName": "AutoResolveIntegrationRuntime",
                                            "type": "IntegrationRuntimeReference"
                                        },
                                        "body": " ",
                                        "authentication": {
                                            "type": "MSI",
                                            "resource": "https://management.azure.com"
                                        }
                                    }
                                }
                            ]
                        }
                    }
                ],
                "policy": {
                    "elapsedTimeMetric": {}
                },
                "parameters": {
                    "subscriptionId": {
                        "type": "string"
                    },
                    "resourceGroup": {
                        "type": "string"
                    },
                    "synapseWorkspace": {
                        "type": "string"
                    },
                    "synapsePool": {
                        "type": "string"
                    }
                },
                "folder": {
                    "name": "Temp"
                },
                "annotations": [],
                "lastPublishTime": "2025-01-03T04:06:36Z"
            },
            "dependsOn": []
        },
        {
            "name": "[concat(parameters('factoryName'), '/PL_PauseSQLDW')]",
            "type": "Microsoft.DataFactory/factories/pipelines",
            "apiVersion": "2018-06-01",
            "properties": {
                "activities": [
                    {
                        "name": "PauseSQLDW",
                        "type": "WebActivity",
                        "dependsOn": [],
                        "policy": {
                            "timeout": "0.00:10:00",
                            "retry": 1,
                            "retryIntervalInSeconds": 30,
                            "secureOutput": false,
                            "secureInput": false
                        },
                        "userProperties": [],
                        "typeProperties": {
                            "method": "POST",
                            "headers": {},
                            "url": "https://management.azure.com/subscriptions/7fad9bab-9341-4541-b0f9-3ca402955e73/resourceGroups/SYN_nonprod/providers/Microsoft.Synapse/workspaces/hksynd01syn/sqlPools/hksynd01sql/pause?api-version=2021-06-01",
                            "connectVia": {
                                "referenceName": "AutoResolveIntegrationRuntime",
                                "type": "IntegrationRuntimeReference"
                            },
                            "body": " ",
                            "authentication": {
                                "type": "MSI",
                                "resource": "https://management.core.windows.net"
                            }
                        }
                    }
                ],
                "policy": {
                    "elapsedTimeMetric": {}
                },
                "folder": {
                    "name": "Mizuho/Server Operation"
                },
                "annotations": [],
                "lastPublishTime": "2024-12-12T02:52:05Z"
            },
            "dependsOn": []
        },
        {
            "name": "[concat(parameters('factoryName'), '/PL_ResumeSQLDW')]",
            "type": "Microsoft.DataFactory/factories/pipelines",
            "apiVersion": "2018-06-01",
            "properties": {
                "activities": [
                    {
                        "name": "ResumeSQLDW",
                        "type": "WebActivity",
                        "dependsOn": [],
                        "policy": {
                            "timeout": "0.00:10:00",
                            "retry": 1,
                            "retryIntervalInSeconds": 30,
                            "secureOutput": false,
                            "secureInput": false
                        },
                        "userProperties": [],
                        "typeProperties": {
                            "method": "POST",
                            "headers": {},
                            "url": "https://management.azure.com/subscriptions/7fad9bab-9341-4541-b0f9-3ca402955e73/resourceGroups/SYN_nonprod/providers/Microsoft.Synapse/workspaces/hksynd01syn/sqlPools/hksynd01sql/resume?api-version=2021-06-01",
                            "connectVia": {
                                "referenceName": "AutoResolveIntegrationRuntime",
                                "type": "IntegrationRuntimeReference"
                            },
                            "body": " ",
                            "authentication": {
                                "type": "MSI",
                                "resource": "https://management.core.windows.net"
                            }
                        }
                    }
                ],
                "policy": {
                    "elapsedTimeMetric": {}
                },
                "folder": {
                    "name": "Mizuho/Server Operation"
                },
                "annotations": [],
                "lastPublishTime": "2024-12-12T02:52:04Z"
            },
            "dependsOn": []
        },
        {
            "name": "[concat(parameters('factoryName'), '/PL_PBI_RefreshDataset')]",
            "type": "Microsoft.DataFactory/factories/pipelines",
            "apiVersion": "2018-06-01",
            "properties": {
                "activities": [
                    {
                        "name": "Get Workspace ID",
                        "type": "WebActivity",
                        "dependsOn": [],
                        "policy": {
                            "timeout": "0.12:00:00",
                            "retry": 0,
                            "retryIntervalInSeconds": 30,
                            "secureOutput": false,
                            "secureInput": false
                        },
                        "userProperties": [],
                        "typeProperties": {
                            "method": "GET",
                            "headers": {},
                            "url": {
                                "value": "@concat('https://api.powerbi.com/v1.0/myorg/groups?$filter=startswith(name,''', pipeline().parameters.workspaceName,''')')\n",
                                "type": "Expression"
                            },
                            "connectVia": {
                                "referenceName": "AutoResolveIntegrationRuntime",
                                "type": "IntegrationRuntimeReference"
                            },
                            "authentication": {
                                "type": "MSI",
                                "resource": "https://analysis.windows.net/powerbi/api"
                            }
                        }
                    },
                    {
                        "name": "Get Dataset ID",
                        "type": "WebActivity",
                        "dependsOn": [
                            {
                                "activity": "If No Workspace ID Returns",
                                "dependencyConditions": [
                                    "Succeeded"
                                ]
                            }
                        ],
                        "policy": {
                            "timeout": "0.12:00:00",
                            "retry": 0,
                            "retryIntervalInSeconds": 30,
                            "secureOutput": false,
                            "secureInput": false
                        },
                        "userProperties": [],
                        "typeProperties": {
                            "method": "GET",
                            "headers": {},
                            "url": {
                                "value": "@concat(\n    'https://api.powerbi.com/v1.0/myorg/groups/',\n    activity('Get Workspace ID').output.value[0].id,\n    '/datasets?$filter=name eq ''ABC'''\n    )",
                                "type": "Expression"
                            },
                            "connectVia": {
                                "referenceName": "AutoResolveIntegrationRuntime",
                                "type": "IntegrationRuntimeReference"
                            },
                            "authentication": {
                                "type": "MSI",
                                "resource": "https://analysis.windows.net/powerbi/api"
                            }
                        }
                    },
                    {
                        "name": "Refresh Dataset",
                        "type": "WebActivity",
                        "dependsOn": [
                            {
                                "activity": "If No Dataset ID Returns",
                                "dependencyConditions": [
                                    "Succeeded"
                                ]
                            }
                        ],
                        "policy": {
                            "timeout": "0.12:00:00",
                            "retry": 0,
                            "retryIntervalInSeconds": 30,
                            "secureOutput": false,
                            "secureInput": false
                        },
                        "userProperties": [],
                        "typeProperties": {
                            "method": "POST",
                            "headers": {},
                            "url": {
                                "value": "@concat(\n        'https://api.powerbi.com/v1.0/myorg/groups/',\n        activity('Get Workspace ID').output.value[0].id,\n        '/datasets/',\n        activity('Get Dataset ID').output.value[0].id,\n        '/refreshes'\n    )",
                                "type": "Expression"
                            },
                            "connectVia": {
                                "referenceName": "AutoResolveIntegrationRuntime",
                                "type": "IntegrationRuntimeReference"
                            },
                            "body": "\"notifyOption\":\"NoNotification\"",
                            "authentication": {
                                "type": "MSI",
                                "resource": "https://analysis.windows.net/powerbi/api"
                            }
                        }
                    },
                    {
                        "name": "Until Refresh Complete",
                        "type": "Until",
                        "dependsOn": [
                            {
                                "activity": "Refresh Dataset",
                                "dependencyConditions": [
                                    "Succeeded"
                                ]
                            }
                        ],
                        "userProperties": [],
                        "typeProperties": {
                            "expression": {
                                "value": "@not(equals(activity('Check Status').output.value[0].status, 'Unknown'))\n",
                                "type": "Expression"
                            },
                            "activities": [
                                {
                                    "name": "Wait",
                                    "type": "Wait",
                                    "dependsOn": [],
                                    "userProperties": [],
                                    "typeProperties": {
                                        "waitTimeInSeconds": 30
                                    }
                                },
                                {
                                    "name": "Check Status",
                                    "type": "WebActivity",
                                    "dependsOn": [
                                        {
                                            "activity": "Wait",
                                            "dependencyConditions": [
                                                "Succeeded"
                                            ]
                                        }
                                    ],
                                    "policy": {
                                        "timeout": "0.12:00:00",
                                        "retry": 0,
                                        "retryIntervalInSeconds": 30,
                                        "secureOutput": false,
                                        "secureInput": false
                                    },
                                    "userProperties": [],
                                    "typeProperties": {
                                        "method": "GET",
                                        "headers": {},
                                        "url": {
                                            "value": "@concat(\n    'https://api.powerbi.com/v1.0/myorg/groups/',\n    activity('Get Workspace ID').output.value[0].id,\n    '/datasets/',\n    activity('Get Dataset ID').output.value[0].id,\n    '/refreshes?$top=1')",
                                            "type": "Expression"
                                        },
                                        "connectVia": {
                                            "referenceName": "AutoResolveIntegrationRuntime",
                                            "type": "IntegrationRuntimeReference"
                                        },
                                        "authentication": {
                                            "type": "MSI",
                                            "resource": {
                                                "value": "https://analysis.windows.net/powerbi/api",
                                                "type": "Expression"
                                            }
                                        }
                                    }
                                }
                            ],
                            "timeout": "0.12:00:00"
                        }
                    },
                    {
                        "name": "If Refresh Not Completed",
                        "type": "IfCondition",
                        "dependsOn": [
                            {
                                "activity": "Until Refresh Complete",
                                "dependencyConditions": [
                                    "Succeeded"
                                ]
                            }
                        ],
                        "userProperties": [],
                        "typeProperties": {
                            "expression": {
                                "value": "@not(equals(activity('Check Status').output.value[0].status, 'Completed'))",
                                "type": "Expression"
                            },
                            "ifTrueActivities": [
                                {
                                    "name": "PBI Refresh Failure",
                                    "type": "Fail",
                                    "dependsOn": [
                                        {
                                            "activity": "Refresh Dataset_copy1",
                                            "dependencyConditions": [
                                                "Succeeded"
                                            ]
                                        }
                                    ],
                                    "userProperties": [],
                                    "typeProperties": {
                                        "message": {
                                            "value": "@concat('PowerBI Dataset Refresh Failure. Please check the error message in Power BI Portal. Error message: ', replace(activity('Refresh Dataset_copy1').output.value[0].serviceExceptionJson, '\\', ''))",
                                            "type": "Expression"
                                        },
                                        "errorCode": "700"
                                    }
                                },
                                {
                                    "name": "Refresh Dataset_copy1",
                                    "type": "WebActivity",
                                    "dependsOn": [],
                                    "policy": {
                                        "timeout": "0.12:00:00",
                                        "retry": 0,
                                        "retryIntervalInSeconds": 30,
                                        "secureOutput": false,
                                        "secureInput": false
                                    },
                                    "userProperties": [],
                                    "typeProperties": {
                                        "method": "GET",
                                        "headers": {},
                                        "url": {
                                            "value": "@concat(\n    'https://api.powerbi.com/v1.0/myorg/groups/',\n    activity('Get Workspace ID').output.value[0].id,\n    '/datasets/',\n    activity('Get Dataset ID').output.value[0].id,\n    '/refreshes?$top=1')",
                                            "type": "Expression"
                                        },
                                        "connectVia": {
                                            "referenceName": "AutoResolveIntegrationRuntime",
                                            "type": "IntegrationRuntimeReference"
                                        },
                                        "body": "\"notifyOption\":\"NoNotification\"",
                                        "authentication": {
                                            "type": "MSI",
                                            "resource": "https://analysis.windows.net/powerbi/api"
                                        }
                                    }
                                }
                            ]
                        }
                    },
                    {
                        "name": "If No Workspace ID Returns",
                        "type": "IfCondition",
                        "dependsOn": [
                            {
                                "activity": "Get Workspace ID",
                                "dependencyConditions": [
                                    "Succeeded"
                                ]
                            }
                        ],
                        "userProperties": [],
                        "typeProperties": {
                            "expression": {
                                "value": "@empty(activity('Get Workspace ID').output.value)",
                                "type": "Expression"
                            },
                            "ifTrueActivities": [
                                {
                                    "name": "Failure Workspace Not Found",
                                    "type": "Fail",
                                    "dependsOn": [],
                                    "userProperties": [],
                                    "typeProperties": {
                                        "message": {
                                            "value": "@concat('The input workspace name cannot be found. Either the workspace name is incorrect or access to the workspace has not been granted to the Data Factory (', pipeline().DataFactory,').')",
                                            "type": "Expression"
                                        },
                                        "errorCode": "701"
                                    }
                                }
                            ]
                        }
                    },
                    {
                        "name": "If No Dataset ID Returns",
                        "type": "IfCondition",
                        "dependsOn": [
                            {
                                "activity": "Filter Dataset by Name",
                                "dependencyConditions": [
                                    "Succeeded"
                                ]
                            }
                        ],
                        "userProperties": [],
                        "typeProperties": {
                            "expression": {
                                "value": "@empty(activity('Filter Dataset by Name').output.value)",
                                "type": "Expression"
                            },
                            "ifTrueActivities": [
                                {
                                    "name": "Failure Dataset Not Found",
                                    "type": "Fail",
                                    "dependsOn": [],
                                    "userProperties": [],
                                    "typeProperties": {
                                        "message": {
                                            "value": "@concat('The input dataset name cannot be found. Please check the name of the dataset in workspace ',pipeline().parameters.workspaceName,'.')",
                                            "type": "Expression"
                                        },
                                        "errorCode": "702"
                                    }
                                }
                            ]
                        }
                    },
                    {
                        "name": "Filter Dataset by Name",
                        "type": "Filter",
                        "dependsOn": [
                            {
                                "activity": "Get Dataset ID",
                                "dependencyConditions": [
                                    "Succeeded"
                                ]
                            }
                        ],
                        "userProperties": [],
                        "typeProperties": {
                            "items": {
                                "value": "@activity('Get Dataset ID').output.value",
                                "type": "Expression"
                            },
                            "condition": {
                                "value": "@equals(item().name, pipeline().parameters.datasetName)",
                                "type": "Expression"
                            }
                        }
                    }
                ],
                "policy": {
                    "elapsedTimeMetric": {}
                },
                "parameters": {
                    "workspaceName": {
                        "type": "string"
                    },
                    "datasetName": {
                        "type": "string"
                    }
                },
                "folder": {
                    "name": "Mizuho/Power BI Data"
                },
                "annotations": [],
                "lastPublishTime": "2025-01-03T09:30:25Z"
            },
            "dependsOn": []
        },
        {
            "name": "[concat(parameters('factoryName'), '/Everyday_1950')]",
            "type": "Microsoft.DataFactory/factories/triggers",
            "apiVersion": "2018-06-01",
            "properties": {
                "annotations": [],
                "runtimeState": "Started",
                "pipelines": [
                    {
                        "pipelineReference": {
                            "referenceName": "PL_PauseSQLDW",
                            "type": "PipelineReference"
                        },
                        "parameters": {}
                    }
                ],
                "type": "ScheduleTrigger",
                "typeProperties": {
                    "recurrence": {
                        "frequency": "Day",
                        "interval": 1,
                        "startTime": "2024-08-23T02:00:00",
                        "timeZone": "China Standard Time",
                        "schedule": {
                            "minutes": [
                                50
                            ],
                            "hours": [
                                19
                            ]
                        }
                    }
                }
            },
            "dependsOn": [
                "[concat(variables('factoryId'), '/pipelines/PL_PauseSQLDW')]"
            ]
        },
        {
            "name": "[concat(parameters('factoryName'), '/From_Mon_to_Fri_0900')]",
            "type": "Microsoft.DataFactory/factories/triggers",
            "apiVersion": "2018-06-01",
            "properties": {
                "annotations": [],
                "runtimeState": "Stopped",
                "pipelines": [
                    {
                        "pipelineReference": {
                            "referenceName": "PL_ResumeSQLDW",
                            "type": "PipelineReference"
                        },
                        "parameters": {}
                    }
                ],
                "type": "ScheduleTrigger",
                "typeProperties": {
                    "recurrence": {
                        "frequency": "Week",
                        "interval": 1,
                        "startTime": "2024-10-14T00:00:00",
                        "timeZone": "China Standard Time",
                        "schedule": {
                            "minutes": [
                                0
                            ],
                            "hours": [
                                9
                            ],
                            "weekDays": [
                                "Monday",
                                "Tuesday",
                                "Wednesday",
                                "Thursday",
                                "Friday"
                            ]
                        }
                    }
                }
            },
            "dependsOn": [
                "[concat(variables('factoryId'), '/pipelines/PL_ResumeSQLDW')]"
            ]
        }
    ]
}