{
    "$schema": "http://schema.management.azure.com/schemas/2015-01-01/deploymentTemplate.json#",
    "contentVersion": "1.0.0.0",
    "parameters": {
        "factoryName": {
            "type": "string",
            "metadata": "Data Factory name",
            "defaultValue": "hksynd01df"
        },
        "dataFactory_properties_globalParameters_host_value": {
            "type": "string",
            "defaultValue": "hk01"
        },
        "dataFactory_location": {
            "type": "string",
            "defaultValue": "eastasia"
        },
        "dataFactory_identity_type": {
            "type": "string",
            "defaultValue": "SystemAssigned"
        }
    },
    "variables": {
        "factoryId": "[concat('Microsoft.DataFactory/factories/', parameters('factoryName'))]"
    },
    "resources": [
        {
            "name": "[parameters('factoryName')]",
            "type": "Microsoft.DataFactory/factories",
            "apiVersion": "2018-06-01",
            "properties": {
                "globalParameters": {
                    "host": {
                        "type": "string",
                        "value": "[parameters('dataFactory_properties_globalParameters_host_value')]"
                    }
                }
            },
            "dependsOn": [],
            "location": "[parameters('dataFactory_location')]",
            "identity": {
                "type": "[parameters('dataFactory_identity_type')]",
                "principalId": "2881347e-e547-4927-8a7b-339b594c28c7",
                "tenantId": "edf3561f-3b56-42a5-b81e-cd2b3c62e4de"
            }
        }
    ]
}